Competition,Matchday,Date,Home,Away,Position,Attendance
Premier League,1,13 August 2017,Newcastle United,Tottenham Hotspur,4,"52,077"
Premier League,2,20 August 2017,Tottenham Hotspur,Chelsea,1,"73,587"
Premier League,3,27 August 2017,Tottenham Hotspur,Burnley,9,"67,862"
Premier League,4,9 September 2017,Everton,Tottenham Hotspur,5,"38,835"
Premier League,5,16 September 2017,Tottenham Hotspur,Swansea City,5,"65,366"
Premier League,6,23 September 2017,West Ham United,Tottenham Hotspur,4,"56,988"
Premier League,7,30 September 2017,Huddersfield Town,Tottenham Hotspur,3,"24,169"
Premier League,8,14 October 2017,Tottenham Hotspur,Bournemouth,3,"73,502"
Premier League,9,22 October 2017,Tottenham Hotspur,Liverpool,3,"80,827"
Premier League,10,28 October 2017,Manchester United,Tottenham Hotspur,3,"75,034"
Premier League,11,5 November 2017,Tottenham Hotspur,Crystal Palace,3,"65,270"
Premier League,12,18 November 2017,Arsenal,Tottenham Hotspur,4,"59,530"
Premier League,13,25 November 2017,Tottenham Hotspur,West Bromwich Albion,5,"65,905"
Premier League,14,28 November 2017,Leicester City,Tottenham Hotspur,7,"31,950"
Premier League,15,2 December 2017,Watford,Tottenham Hotspur,6,"20,278"
Premier League,16,9 December 2017,Tottenham Hotspur,Stoke City,6,"62,202"
Premier League,17,13 December 2017,Tottenham Hotspur,Brighton & Hove Albion,4,"55,124"
Premier League,18,16 December 2017,Manchester City,Tottenham Hotspur,7,"54,214"
Premier League,19,23 December 2017,Burnley,Tottenham Hotspur,5,"21,650"
Premier League,20,26 December 2017,Tottenham Hotspur,Southampton,5,"57,297"
Premier League,21,2 January 2018,Swansea City,Tottenham Hotspur,5,"20,615"
Premier League,22,4 January 2018,Tottenham Hotspur,West Ham United,5,"50,034"
Premier League,23,13 January 2018,Tottenham Hotspur,Everton,5,"76,251"
Premier League,24,21 January 2018,Southampton,Tottenham Hotspur,5,"31,361"
Premier League,25,31 January 2018,Tottenham Hotspur,Manchester United,5,"81,978"
Premier League,26,4 February 2018,Liverpool,Tottenham Hotspur,5,"53,213"
Premier League,27,10 February 2018,Tottenham Hotspur,Arsenal,5,"83,222"
Premier League,28,25 February 2018,Crystal Palace,Tottenham Hotspur,4,"25,287"
Premier League,29,3 March 2018,Tottenham Hotspur,Huddersfield Town,4,"68,311"
Premier League,30,11 March 2018,Bournemouth,Tottenham Hotspur,3,"10,623"
Premier League,31,1 April 2018,Chelsea,Tottenham Hotspur,4,"41,364"
Premier League,32,7 April 2018,Stoke City,Tottenham Hotspur,4,"29,515"
Premier League,33,14 April 2018,Tottenham Hotspur,Manchester City,4,"80,811"
Premier League,34,17 April 2018,Brighton & Hove Albion,Tottenham Hotspur,4,"30,440"
Premier League,35,30 April 2018,Tottenham Hotspur,Watford,4,"52,675"
Premier League,36,5 May 2018,West Bromwich Albion,Tottenham Hotspur,4,"23,685"
Premier League,37,9 May 2018,Tottenham Hotspur,Newcastle United,3,"54,923"
Premier League,38,13 May 2018,Tottenham Hotspur,Leicester City,3,"77,841"
FA Cup,1,7 January 2018,Tottenham Hotspur,AFC Wimbledon,,"47,527"
FA Cup,2,27 January 2018,Newport County,Tottenham Hotspur,,"9,836"
FA Cup,3,7 February 2018,Tottenham Hotspur,Newport County,,"38,947"
FA Cup,4,18 February 2018,Rochdale,Tottenham Hotspur,,"8,480"
FA Cup,5,28 February 2018,Tottenham Hotspur,Rochdale,,"24,627"
FA Cup,6,17 March 2018,Swansea City,Tottenham Hotspur,,"17,498"
FA Cup,7,21 April 2018,Manchester United,Tottenham Hotspur,,"84,667"
EFL Cup,1,19 September 2017,Tottenham Hotspur,Barnsley,,"23,826"
EFL Cup,2,25 October 2017,Tottenham Hotspur,West Ham United,,"36,168"
UEFA Champions League,1,13 September 2017,Tottenham Hotspur,Borussia Dortmund,,"67,343"
UEFA Champions League,2,26 September 2017,APOEL,Tottenham Hotspur,,"16,324"
UEFA Champions League,3,17 October 2017,Real Madrid,Tottenham Hotspur,,"76,589"
UEFA Champions League,4,1 November 2017,Tottenham Hotspur,Real Madrid,,"83,782"
UEFA Champions League,5,21 November 2017,Borussia Dortmund,Tottenham Hotspur,,"65,849"
UEFA Champions League,6,6 December 2017,Tottenham Hotspur,APOEL,,"42,679"
UEFA Champions League,7,13 February 2018,Juventus,Tottenham Hotspur,,"41,232"
UEFA Champions League,8,7 March 2018,Tottenham Hotspur,Juventus,,"84,010"
Premier League,1,12 August 2017,Brighton & Hove Albion,Manchester City,3,"30,415"
Premier League,2,21 August 2017,Manchester City,Everton,4,"54,009"
Premier League,3,26 August 2017,Bournemouth,Manchester City,2,"10,419"
Premier League,4,9 September 2017,Manchester City,Liverpool,2,"54,172"
Premier League,5,16 September 2017,Watford,Manchester City,1,"20,305"
Premier League,6,23 September 2017,Manchester City,Crystal Palace,1,"53,526"
Premier League,7,30 September 2017,Chelsea,Manchester City,1,"41,530"
Premier League,8,14 October 2017,Manchester City,Stoke City,1,"54,128"
Premier League,9,21 October 2017,Manchester City,Burnley,1,"54,118"
Premier League,10,28 October 2017,West Bromwich Albion,Manchester City,1,"24,003"
Premier League,11,5 November 2017,Manchester City,Arsenal,1,"54,286"
Premier League,12,18 November 2017,Leicester City,Manchester City,1,"31,908"
Premier League,13,26 November 2017,Huddersfield Town,Manchester City,1,"24,121"
Premier League,14,29 November 2017,Manchester City,Southampton,1,"53,407"
Premier League,15,3 December 2017,Manchester City,West Ham United,1,"54,203"
Premier League,16,10 December 2017,Manchester United,Manchester City,1,"74,847"
Premier League,17,13 December 2017,Swansea City,Manchester City,1,"20,870"
Premier League,18,16 December 2017,Manchester City,Tottenham Hotspur,1,"54,214"
Premier League,19,23 December 2017,Manchester City,Bournemouth,1,"54,270"
Premier League,20,27 December 2017,Newcastle United,Manchester City,1,"52,311"
Premier League,21,31 December 2017,Crystal Palace,Manchester City,1,"25,804"
Premier League,22,2 January 2018,Manchester City,Watford,1,"53,556"
Premier League,23,14 January 2018,Liverpool,Manchester City,1,"53,285"
Premier League,24,20 January 2018,Manchester City,Newcastle United,1,"54,452"
Premier League,25,31 January 2018,Manchester City,West Bromwich Albion,1,"53,241"
Premier League,26,3 February 2018,Burnley,Manchester City,1,"21,658"
Premier League,27,10 February 2018,Manchester City,Leicester City,1,"54,416"
Premier League,28,1 March 2018,Arsenal,Manchester City,1,"58,420"
Premier League,29,4 March 2018,Manchester City,Chelsea,1,"54,328"
Premier League,30,12 March 2018,Stoke City,Manchester City,1,"29,138"
Premier League,31,31 March 2018,Everton,Manchester City,1,"39,221"
Premier League,32,7 April 2018,Manchester City,Manchester United,1,"54,259"
Premier League,33,14 April 2018,Tottenham Hotspur,Manchester City,1,"80,811"
Premier League,34,22 April 2018,Manchester City,Swansea City,1,"54,387"
Premier League,35,29 April 2018,West Ham United,Manchester City,1,"56,904"
Premier League,36,6 May 2018,Manchester City,Huddersfield Town,1,"54,350"
Premier League,37,9 May 2018,Manchester City,Brighton & Hove Albion,1,"54,013"
Premier League,38,13 May 2018,Southampton,Manchester City,1,"31,882"
FA Cup,1,6 January 2018,Manchester City,Burnley,1,"53,285"
FA Cup,2,28 January 2018,Cardiff City,Manchester City,,"32,339"
FA Cup,3,19 February 2018,Wigan Athletic,Manchester City,,"19,242"
EFL Cup,1,20 September 2017,West Bromwich Albion,Manchester City,,"14,953"
EFL Cup,2,24 October 2017,Manchester City,Wolverhampton Wanderers,,"50,755"
EFL Cup,3,19 December 2017,Leicester City,Manchester City,,"31,562"
EFL Cup,4,9 January 2018,Manchester City,Bristol City,,"43,426"
EFL Cup,5,23 January 2018,Bristol City,Manchester City,,"26,003"
EFL Cup,6,25 February 2018,Arsenal,Manchester City,,"85,671"
UEFA Champions League,1,13 September 2017,Feyenoord,Manchester City,,"43,500"
UEFA Champions League,2,26 September 2017,Manchester City,Shakhtar Donetsk,,"45,310"
UEFA Champions League,3,17 October 2017,Manchester City,Napoli,,"48,520"
UEFA Champions League,4,1 November 2017,Napoli,Manchester City,,"44,483"
UEFA Champions League,5,21 November 2017,Manchester City,Feyenoord,,"43,548"
UEFA Champions League,6,6 December 2017,Shakhtar Donetsk,Manchester City,,"33,154"
UEFA Champions League,7,13 February 2018,Basel,Manchester City,,"36,000"
UEFA Champions League,8,7 March 2018,Manchester City,Basel,,"49,411"
UEFA Champions League,9,4 April 2018,Liverpool,Manchester City,,"50,685"
UEFA Champions League,10,10 April 2018,Manchester City,Liverpool,,"53,461"
Premier League,1,12 August 2017,Watford,Liverpool,9,"20,407"
Premier League,2,19 August 2017,Liverpool,Crystal Palace,6,"53,138"
Premier League,3,27 August 2017,Liverpool,Arsenal,2,"53,206"
Premier League,4,9 September 2017,Manchester City,Liverpool,8,"54,172"
Premier League,5,16 September 2017,Liverpool,Burnley,8,"53,231"
Premier League,6,23 September 2017,Leicester City,Liverpool,5,"32,004"
Premier League,7,1 October 2017,Newcastle United,Liverpool,7,"52,303"
Premier League,8,14 October 2017,Liverpool,Manchester United,8,"52,912"
Premier League,9,22 October 2017,Tottenham Hotspur,Liverpool,9,"80,827"
Premier League,10,28 October 2017,Liverpool,Huddersfield Town,6,"53,268"
Premier League,11,4 November 2017,West Ham United,Liverpool,5,"56,961"
Premier League,12,18 November 2017,Liverpool,Southampton,5,"53,256"
Premier League,13,25 November 2017,Liverpool,Chelsea,6,"53,225"
Premier League,14,29 November 2017,Stoke City,Liverpool,5,"29,423"
Premier League,15,2 December 2017,Brighton & Hove Albion,Liverpool,4,"30,631"
Premier League,16,10 December 2017,Liverpool,Everton,4,"53,082"
Premier League,17,13 December 2017,Liverpool,West Bromwich Albion,5,"53,243"
Premier League,18,17 December 2017,Bournemouth,Liverpool,4,"10,780"
Premier League,19,22 December 2017,Arsenal,Liverpool,4,"59,409"
Premier League,20,26 December 2017,Liverpool,Swansea City,4,"52,850"
Premier League,21,30 December 2017,Liverpool,Leicester City,4,"53,226"
Premier League,22,1 January 2018,Burnley,Liverpool,4,"21,756"
Premier League,23,14 January 2018,Liverpool,Manchester City,3,"53,285"
Premier League,24,22 January 2018,Swansea City,Liverpool,4,"20,886"
Premier League,25,30 January 2018,Huddersfield Town,Liverpool,3,"24,121"
Premier League,26,4 February 2018,Liverpool,Tottenham Hotspur,3,"53,213"
Premier League,27,11 February 2018,Southampton,Liverpool,3,"31,915"
Premier League,28,24 February 2018,Liverpool,West Ham United,3,"53,256"
Premier League,29,3 March 2018,Liverpool,Newcastle United,3,"53,287"
Premier League,30,10 March 2018,Manchester United,Liverpool,4,"74,855"
Premier League,31,17 March 2018,Liverpool,Watford,3,"53,287"
Premier League,32,17 March 2018,Crystal Palace,Liverpool,3,"25,807"
Premier League,33,7 April 2018,Everton,Liverpool,3,"39,220"
Premier League,34,14 April 2018,Liverpool,Bournemouth,3,"52,959"
Premier League,35,21 April 2018,West Bromwich Albion,Liverpool,3,"24,520"
Premier League,36,28 April 2018,Liverpool,Stoke City,3,"53,255"
Premier League,37,6 May 2018,Chelsea,Liverpool,4,"41,314"
Premier League,38,13 May 2018,Liverpool,Brighton & Hove Albion,4,"50,752"
FA Cup,1,5 January 2018,Liverpool,Everton,,"52,513"
FA Cup,2,27 January 2018,Liverpool,West Bromwich Albion,,"53,342"
EFL Cup,1,19 September 2017,Leicester City,Liverpool,,"31,609"
UEFA Champions League,1,15 August 2017,1899 Hoffenheim,Liverpool,,"25,568"
UEFA Champions League,2,23 August 2017,Liverpool,1899 Hoffenheim,,"51,808"
UEFA Champions League,3,23 August 2017,Liverpool,Sevilla,,"52,332"
UEFA Champions League,4,23 August 2017,Spartak Moscow,Liverpool,,"43,376"
UEFA Champions League,5,23 August 2017,Maribor,Liverpool,,"12,506"
UEFA Champions League,6,23 August 2017,Liverpool,Maribor,,"47,957"
UEFA Champions League,7,23 August 2017,Sevilla,Liverpool,,"39,495"
UEFA Champions League,8,23 August 2017,Liverpool,Spartak Moscow,,"48,779"
UEFA Champions League,9,14 February 2018,Porto,Liverpool,,"47,718"
UEFA Champions League,10,6 March 2018,Liverpool,Porto,,"51,121"
UEFA Champions League,11,4 April 2018,Liverpool,Manchester City,,"53,581"
UEFA Champions League,12,10 April 2018,Manchester City,Liverpool,,"53,461"
UEFA Champions League,13,24 April 2018,Liverpool,Roma,,"51,236"
UEFA Champions League,14,2 May 2018,Roma,Liverpool,,"61,889"
UEFA Champions League,15,26 May 2018,Real Madrid,Liverpool,,"61,561"
La Liga,1,20 August 2017,Barcelona,Real Betis,2,"56,480"
La Liga,2,26 August 2017,Alaves,Barcelona,2,"19,356"
La Liga,3,9 September 2017,Barcelona,Espanyol,1,"72,857"
La Liga,4,16 September 2017,Getafe,Barcelona,1,"15,164"
La Liga,5,19 September 2017,Barcelona,Eibar,1,"51,645"
La Liga,6,23 September 2017,Girona,Barcelona,1,"13,305"
La Liga,7,1 October 2017,Barcelona,Las Palmas,1,0
La Liga,8,14 October 2017,Atletico Madrid,Barcelona,1,"64,393"
La Liga,9,21 October 2017,Barcelona,Malaga,1,"74,397"
La Liga,10,28 October 2017,Athletic Bilbao,Barcelona,1,"43,570"
La Liga,11,4 November 2017,Barcelona,Sevilla,1,"70,723"
La Liga,12,18 November 2017,Leganes,Barcelona,1,"11,454"
La Liga,13,26 November 2017,Valencia,Barcelona,1,"47,775"
La Liga,14,2 December 2017,Barcelona,Celta Vigo,1,"63,208"
La Liga,15,10 December 2017,Villarreal,Barcelona,1,"21,087"
La Liga,16,17 December 2017,Barcelona,Deportivo La Coruna,1,"53,607"
La Liga,17,23 December 2017,Real Madrid,Barcelona,1,"80,264"
La Liga,18,7 January 2018,Barcelona,Levante,1,"56,380"
La Liga,19,14 January 2018,Real Sociedad,Barcelona,1,"23,277"
La Liga,20,21 January 2018,Real Betis,Barcelona,1,"53,426"
La Liga,21,28 January 2018,Barcelona,Alaves,1,"62,369"
La Liga,22,4 February 2018,Espanyol,Barcelona,1,"23,287"
La Liga,23,11 February 2018,Barcelona,Getafe,1,"75,681"
La Liga,24,17 February 2018,Eibar,Barcelona,1,"6,760"
La Liga,25,24 February 2018,Barcelona,Girona,1,"85,417"
La Liga,26,1 March 2018,Las Palmas,Barcelona,1,"23,778"
La Liga,27,4 March 2018,Barcelona,Atletico Madrid,1,"90,356"
La Liga,28,10 March 2018,Malaga,Barcelona,1,"26,667"
La Liga,29,18 March 2018,Barcelona,Athletic Bilbao,1,"84,053"
La Liga,30,31 March 2018,Sevilla,Barcelona,1,"37,588"
La Liga,31,7 April 2018,Barcelona,Leganes,1,"72,126"
La Liga,32,14 April 2018,Barcelona,Valencia,1,"69,544"
La Liga,33,17 April 2018,Celta Vigo,Barcelona,1,"20,347"
La Liga,34,29 April 2018,Deportivo La Coruna,Barcelona,1,"25,721"
La Liga,35,6 May 2018,Barcelona,Real Madrid,1,"97,939"
La Liga,36,9 May 2018,Barcelona,Villarreal,1,"54,743"
La Liga,37,13 May 2018,Levante,Barcelona,1,"22,384"
La Liga,38,20 May 2018,Barcelona,Real Sociedad,1,"84,168"
Copa del Rey,1,24 October 2017,Real Murcia,Barcelona,,"16,127"
Copa del Rey,2,29 November 2017,Barcelona,Real Murcia,,"68,775"
Copa del Rey,3,4 January 2018,Celta Vigo,Barcelona,,"21,338"
Copa del Rey,4,11 January 2018,Barcelona,Celta Vigo,,"59,009"
Copa del Rey,5,17 January 2018,Espanyol,Barcelona,,"23,323"
Copa del Rey,6,25 January 2018,Barcelona,Espanyol,,"79,774"
Copa del Rey,7,1 February 2018,Barcelona,Valencia,,"50,959"
Copa del Rey,8,8 February 2018,Valencia,Barcelona,,"43,335"
Copa del Rey,9,21 April 2018,Sevilla,Barcelona,,"67,500"
Supercopa de Espana,1,21 April 2018,Barcelona,Real Madrid,,"89,514"
Supercopa de Espana,2,21 April 2018,Real Madrid,Barcelona,,"75,167"
UEFA Champions League,1,12 September 2017,Barcelona,Juventus,,"78,656"
UEFA Champions League,2,27 September 2017,Sporting CP,Barcelona,,"48,575"
UEFA Champions League,3,18 October 2017,Barcelona,Olympiacos,,"55,026"
UEFA Champions League,4,31 October 2017,Olympiacos,Barcelona,,"31,600"
UEFA Champions League,5,22 November 2017,Juventus,Barcelona,,"40,876"
UEFA Champions League,6,5 December 2017,Barcelona,Sporting CP,,"48,336"
UEFA Champions League,7,20 February 2018,Chelsea,Barcelona,,"37,741"
UEFA Champions League,8,14 March 2018,Barcelona,Chelsea,,"97,183"
UEFA Champions League,9,4 April 2018,Barcelona,Roma,,"90,106"
UEFA Champions League,10,10 April 2018,Roma,Barcelona,,"56,580"
La Liga,1,20 August 2017,Deportivo La Coruna,Real Madrid,1,"27,801"
La Liga,2,27 August 2017,Real Madrid,Valencia,5,"61,739"
La Liga,3,9 September 2017,Real Madrid,Levante,7,"67,789"
La Liga,4,17 September 2017,Real Sociedad,Real Madrid,4,"24,675"
La Liga,5,20 September 2017,Real Madrid,Real Betis,8,"61,757"
La Liga,6,23 September 2017,Alaves,Real Madrid,6,"19,559"
La Liga,7,1 October 2017,Real Madrid,Espanyol,5,"71,205"
La Liga,8,14 October 2017,Getafe,Real Madrid,3,"15,350"
La Liga,9,22 October 2017,Real Madrid,Eibar,3,"63,705"
La Liga,10,29 October 2017,Girona,Real Madrid,3,"13,382"
La Liga,11,5 November 2017,Real Madrid,Las Palmas,3,"63,326"
La Liga,12,18 November 2017,Atletico Madrid,Real Madrid,3,"66,591"
La Liga,13,25 November 2017,Real Madrid,Malaga,4,"75,671"
La Liga,14,2 December 2017,Athletic Bilbao,Real Madrid,4,"44,992"
La Liga,15,9 December 2017,Real Madrid,Sevilla,4,"76,924"
La Liga,16,23 December 2017,Real Madrid,Barcelona,4,"80,737"
La Liga,17,7 January 2018,Celta Vigo,Real Madrid,4,"20,895"
La Liga,18,13 January 2018,Real Madrid,Villarreal,4,"63,477"
La Liga,19,21 January 2018,Real Madrid,Deportivo La Coruna,4,"63,468"
La Liga,20,27 January 2018,Valencia,Real Madrid,4,"47,076"
La Liga,21,3 February 2018,Levante,Real Madrid,4,"23,542"
La Liga,22,10 February 2018,Real Madrid,Real Sociedad,4,"63,800"
La Liga,23,18 February 2018,Real Betis,Real Madrid,4,"53,533"
La Liga,24,21 February 2018,Leganes,Real Madrid,3,"11,423"
La Liga,25,24 February 2018,Real Madrid,Alaves,3,"65,228"
La Liga,26,27 February 2018,Espanyol,Real Madrid,3,"19,805"
La Liga,27,3 March 2018,Real Madrid,Getafe,3,"55,143"
La Liga,28,10 March 2018,Eibar,Real Madrid,3,"6,707"
La Liga,29,18 March 2018,Real Madrid,Girona,3,"59,205"
La Liga,30,31 March 2018,Las Palmas,Real Madrid,3,"22,785"
La Liga,31,8 April 2018,Real Madrid,Atletico Madrid,4,"78,536"
La Liga,32,15 April 2018,Malaga,Real Madrid,3,"27,117"
La Liga,33,18 April 2018,Real Madrid,Athletic Bilbao,3,"59,293"
La Liga,34,28 April 2018,Real Madrid,Leganes,3,"59,812"
La Liga,35,6 May 2018,Barcelona,Real Madrid,3,"97,939"
La Liga,36,9 May 2018,Sevilla,Real Madrid,3,"38,524"
La Liga,37,12 May 2018,Real Madrid,Celta Vigo,3,"56,583"
La Liga,38,19 May 2018,Villarreal,Real Madrid,3,"18,891"
Copa del Rey,1,26 October 2017,Fuenlabrada,Real Madrid,,"7,200"
Copa del Rey,2,28 November 2017,Real Madrid,Fuenlabrada,,"49,638"
Copa del Rey,3,4 January 2018,Numancia,Real Madrid,,"8,787"
Copa del Rey,4,10 January 2018,Real Madrid,Numancia,,"37,553"
Copa del Rey,5,18 January 2018,Leganes,Real Madrid,,"11,327"
Copa del Rey,6,24 January 2018,Real Madrid,Leganes,,"46,409"
Supercopa de Espana,1,13 August 2017,Barcelona,Real Madrid,,"89,514"
Supercopa de Espana,2,16 August 2017,Real Madrid,Barcelona,,"75,167"
UEFA Champions League,1,13 September 2017,Real Madrid,APOEL,,"71,060"
UEFA Champions League,2,26 September 2017,Borussia Dortmund,Real Madrid,,"65,849"
UEFA Champions League,3,17 October 2017,Real Madrid,Tottenham Hotspur,,"76,589"
UEFA Champions League,4,1 November 2017,Tottenham Hotspur,Real Madrid,,"83,782"
UEFA Champions League,5,21 November 2017,APOEL,Real Madrid,,"19,705"
UEFA Champions League,6,6 December 2017,Real Madrid,Borussia Dortmund,,"73,323"
UEFA Champions League,7,14 February 2018,Real Madrid,Paris Saint-Germain,,"78,158"
UEFA Champions League,8,6 March 2018,Paris Saint-Germain,Real Madrid,,"46,585"
UEFA Champions League,9,3 April 2018,Juventus,Real Madrid,,"40,849"
UEFA Champions League,10,11 April 2018,Real Madrid,Juventus,,"75,796"
UEFA Champions League,11,25 April 2018,Bayern Munich,Real Madrid,,"70,000"
UEFA Champions League,12,1 May 2018,Real Madrid,Bayern Munich,,"77,459"
UEFA Champions League,13,26 May 2018,Real Madrid,Liverpool,,"61,561"
UEFA Super Cup,1,8 August 2017,Real Madrid,Manchester United,,"30,421"
FIFA Club World Cup,1,13 December 2017,Al-Jazira,Real Madrid,,"36,650"
FIFA Club World Cup,2,16 December 2017,Real Madrid,Gremio,,"41,094"
La Liga,1,19 August 2017,Girona,Atletico Madrid,8,"11,511"
La Liga,2,26 August 2017,Las Palmas,Atletico Madrid,4,"20,310"
La Liga,3,9 September 2017,Valencia,Atletico Madrid,6,"43,859"
La Liga,4,16 September 2017,Atletico Madrid,Malaga,5,"63,114"
La Liga,5,20 September 2017,Athletic Bilbao,Atletico Madrid,3,"43,381"
La Liga,6,23 September 2017,Atletico Madrid,Sevilla,2,"60,823"
La Liga,7,30 September 2017,Leganes,Atletico Madrid,4,"11,454"
La Liga,8,15 October 2017,Atletico Madrid,Barcelona,4,"64,393"
La Liga,9,22 October 2017,Celta Vigo,Atletico Madrid,4,"12,978"
La Liga,10,28 October 2017,Atletico Madrid,Villarreal,4,"61,421"
La Liga,11,4 November 2017,Deportivo La Coruna,Atletico Madrid,4,"22,733"
La Liga,12,18 November 2017,Atletico Madrid,Real Madrid,4,"66,496"
La Liga,13,25 November 2017,Levante,Atletico Madrid,3,"21,549"
La Liga,14,2 December 2017,Atletico Madrid,Real Sociedad,3,"57,394"
La Liga,15,10 December 2017,Real Betis,Atletico Madrid,3,"45,517"
La Liga,16,17 December 2017,Atletico Madrid,Alaves,2,"49,937"
La Liga,17,22 December 2017,Espanyol,Atletico Madrid,2,"19,327"
La Liga,18,6 January 2018,Atletico Madrid,Getafe,2,"47,023"
La Liga,19,13 January 2018,Eibar,Atletico Madrid,2,"6,186"
La Liga,20,21 January 2018,Atletico Madrid,Girona,2,"55,076"
La Liga,21,28 January 2018,Atletico Madrid,Las Palmas,2,"55,363"
La Liga,22,4 February 2018,Atletico Madrid,Valencia,2,"49,596"
La Liga,23,10 February 2018,Malaga,Atletico Madrid,2,"25,482"
La Liga,24,18 February 2018,Atletico Madrid,Athletic Bilbao,2,"60,022"
La Liga,25,25 February 2018,Sevilla,Atletico Madrid,2,"37,884"
La Liga,26,28 February 2018,Atletico Madrid,Leganes,2,"35,033"
La Liga,27,4 March 2018,Barcelona,Atletico Madrid,2,"90,356"
La Liga,28,11 March 2018,Atletico Madrid,Celta Vigo,2,"55,076"
La Liga,29,18 March 2018,Villarreal,Atletico Madrid,2,"19,385"
La Liga,30,1 April 2018,Atletico Madrid,Deportivo La Coruna,2,"49,007"
La Liga,31,8 April 2018,Real Madrid,Atletico Madrid,2,"78,769"
La Liga,32,15 April 2018,Atletico Madrid,Levante,2,"58,043"
La Liga,33,18 April 2018,Real Sociedad,Atletico Madrid,2,"21,404"
La Liga,34,22 April 2018,Atletico Madrid,Real Betis,2,"54,594"
La Liga,35,29 April 2018,Alaves,Atletico Madrid,2,"19,944"
La Liga,36,6 May 2018,Atletico Madrid,Espanyol,2,"49,834"
La Liga,37,12 May 2018,Getafe,Atletico Madrid,2,"12,187"
La Liga,38,20 May 2018,Atletico Madrid,Eibar,2,"63,229"
Copa del Rey,1,25 October 2017,Elche,Atletico Madrid,2,"15,080"
Copa del Rey,2,29 November 2017,Atletico Madrid,Elche,,"46,723"
Copa del Rey,3,3 January 2018,Lleida Esportiu,Atletico Madrid,,"12,532"
Copa del Rey,4,9 January 2018,Atletico Madrid,Lleida Esportiu,,"28,033"
Copa del Rey,5,17 January 2018,Atletico Madrid,Sevilla,,"51,643"
Copa del Rey,6,23 January 2018,Sevilla,Atletico Madrid,,"39,918"
UEFA Champions League,1,12 September 2017,Roma,Atletico Madrid,,"36,064"
UEFA Champions League,2,27 September 2017,Atletico Madrid,Chelsea,,"60,643"
UEFA Champions League,3,18 October 2017,Qarabag,Atletico Madrid,,"47,923"
UEFA Champions League,4,31 October 2017,Atletico Madrid,Qarabag,,"55,893"
UEFA Champions League,5,22 November 2017,Atletico Madrid,Roma,,"56,253"
UEFA Champions League,6,5 December 2017,Chelsea,Atletico Madrid,,"40,875"
UEFA Europa League,1,15 February 2018,Copenhagen,Atletico Madrid,,"34,912"
UEFA Europa League,2,22 February 2018,Atletico Madrid,Copenhagen,,"44,035"
UEFA Europa League,3,8 March 2018,Atletico Madrid,Lokomotiv Moscow,,"40,767"
UEFA Europa League,4,15 March 2018,Lokomotiv Moscow,Atletico Madrid,,"22,041"
UEFA Europa League,5,5 April 2018,Atletico Madrid,Sporting CP,,"53,301"
UEFA Europa League,6,12 April 2018,Sporting CP,Atletico Madrid,,"28,437"
UEFA Europa League,7,26 April 2018,Arsenal,Atletico Madrid,,"59,066"
UEFA Europa League,8,3 May 2018,Atletico Madrid,Arsenal,,"64,196"
UEFA Europa League,9,16 May 2018,Marseille,Atletico Madrid,,"55,768"
Bundesliga,1,18 August 2017,Bayern Munich,Bayer Leverkusen,2,"75,000"
Bundesliga,2,26 August 2017,Werder Bremen,Bayern Munich,2,"42,100"
Bundesliga,3,9 September 2017,1899 Hoffenheim,Bayern Munich,6,"30,150"
Bundesliga,4,16 September 2017,Bayern Munich,Mainz 05,3,"75,000"
Bundesliga,5,19 September 2017,Schalke 04,Bayern Munich,2,"62,271"
Bundesliga,6,22 September 2017,Bayern Munich,VfL Wolfsburg,3,"75,000"
Bundesliga,7,1 October 2017,Hertha BSC,Bayern Munich,2,"71,212"
Bundesliga,8,14 October 2017,Bayern Munich,SC Freiburg,2,"75,000"
Bundesliga,9,21 October 2017,Hamburger SV,Bayern Munich,2,"57,000"
Bundesliga,10,28 October 2017,Bayern Munich,RB Leipzig,1,"75,000"
Bundesliga,11,4 November 2017,Borussia Dortmund,Bayern Munich,1,"81,360"
Bundesliga,12,18 November 2017,Bayern Munich,FC Augsburg,1,"75,000"
Bundesliga,13,25 November 2017,Borussia Monchengladbach,Bayern Munich,1,"54,018"
Bundesliga,14,2 December 2017,Bayern Munich,Hannover 96,1,"75,000"
Bundesliga,15,9 December 2017,Eintracht Frankfurt,Bayern Munich,1,"51,500"
Bundesliga,16,13 December 2017,Bayern Munich,1. FC Koln,1,"75,000"
Bundesliga,17,16 December 2017,VfB Stuttgart,Bayern Munich,1,"58,885"
Bundesliga,18,12 January 2018,Bayer Leverkusen,Bayern Munich,1,"30,210"
Bundesliga,19,21 January 2018,Bayern Munich,Werder Bremen,1,"75,000"
Bundesliga,20,27 January 2018,Bayern Munich,1899 Hoffenheim,1,"75,000"
Bundesliga,21,3 February 2018,Mainz 05,Bayern Munich,1,"34,000"
Bundesliga,22,10 February 2018,Bayern Munich,Schalke 04,1,"75,000"
Bundesliga,23,17 February 2018,VfL Wolfsburg,Bayern Munich,1,"30,000"
Bundesliga,24,24 February 2018,Bayern Munich,Hertha BSC,1,"75,000"
Bundesliga,25,4 March 2018,SC Freiburg,Bayern Munich,1,"24,000"
Bundesliga,26,10 March 2018,Bayern Munich,Hamburger SV,1,"75,000"
Bundesliga,27,18 March 2018,RB Leipzig,Bayern Munich,1,"42,558"
Bundesliga,28,31 March 2018,Bayern Munich,Borussia Dortmund,1,"75,000"
Bundesliga,29,7 April 2018,FC Augsburg,Bayern Munich,1,"30,660"
Bundesliga,30,14 April 2018,Bayern Munich,Borussia Monchengladbach,1,"75,000"
Bundesliga,31,21 April 2018,Hannover 96,Bayern Munich,1,"49,000"
Bundesliga,32,28 April 2018,Bayern Munich,Eintracht Frankfurt,1,"75,000"
Bundesliga,33,5 May 2018,1. FC Koln,Bayern Munich,1,"50,000"
Bundesliga,34,12 May 2018,Bayern Munich,VfB Stuttgart,1,"75,000"
DFB-Pokal,1,12 August 2017,Chemnitzer FC,Bayern Munich,,"15,015"
DFB-Pokal,2,25 October 2017,RB Leipzig,Bayern Munich,,"42,558"
DFB-Pokal,3,20 December 2017,Bayern Munich,Borussia Dortmund,,"75,000"
DFB-Pokal,4,6 February 2018,SC Paderborn,Bayern Munich,,"15,000"
DFB-Pokal,5,17 April 2018,Bayer Leverkusen,Bayern Munich,,"30,210"
DFB-Pokal,6,19 May 2018,Bayern Munich,Eintracht Frankfurt,,"74,322"
DFL-Supercup,1,5 August 2017,Borussia Dortmund,Bayern Munich,,"81,360"
UEFA Champions League,1,12 September 2017,Bayern Munich,Anderlecht,,"70,000"
UEFA Champions League,2,27 September 2017,Paris Saint-Germain,Bayern Munich,,"46,252"
UEFA Champions League,3,18 October 2017,Bayern Munich,Celtic,,"70,000"
UEFA Champions League,4,31 October 2017,Celtic,Bayern Munich,,"58,269"
UEFA Champions League,5,22 November 2017,Anderlecht,Bayern Munich,,"19,753"
UEFA Champions League,6,5 December 2017,Bayern Munich,Paris Saint-Germain,,"70,000"
UEFA Champions League,7,20 February 2018,Bayern Munich,Besiktas,,"70,000"
UEFA Champions League,8,14 March 2018,Besiktas,Bayern Munich,,"36,885"
UEFA Champions League,9,3 April 2018,Sevilla,Bayern Munich,,"40,635"
UEFA Champions League,10,11 April 2018,Bayern Munich,Sevilla,,"70,000"
UEFA Champions League,11,25 April 2018,Bayern Munich,Real Madrid,,"70,000"
UEFA Champions League,12,1 May 2018,Real Madrid,Bayern Munich,,"77,459"
Bundesliga,1,19 August 2017,Schalke 04,RB Leipzig,3,"61,435"
Bundesliga,2,27 August 2017,Hannover 96,Schalke 04,8,"49,000"
Bundesliga,3,10 September 2017,Schalke 04,VfB Stuttgart,5,"61,098"
Bundesliga,4,16 September 2017,Werder Bremen,Schalke 04,4,"42,100"
Bundesliga,5,19 September 2017,Schalke 04,Bayern Munich,6,"62,271"
Bundesliga,6,23 September 2017,1899 Hoffenheim,Schalke 04,7,"30,150"
Bundesliga,7,29 September 2017,Schalke 04,Bayer Leverkusen,9,"61,515"
Bundesliga,8,14 October 2017,Hertha BSC,Schalke 04,6,"50,590"
Bundesliga,9,20 October 2017,Schalke 04,Mainz 05,5,"59,476"
Bundesliga,10,28 October 2017,Schalke 04,VfL Wolfsburg,5,"60,429"
Bundesliga,11,4 November 2017,SC Freiburg,Schalke 04,4,"24,000"
Bundesliga,12,19 November 2017,Schalke 04,Hamburger SV,2,"62,271"
Bundesliga,13,25 November 2017,Borussia Dortmund,Schalke 04,3,"80,179"
Bundesliga,14,2 December 2017,Schalke 04,1. FC Koln,3,"61,761"
Bundesliga,15,9 December 2017,Borussia Monchengladbach,Schalke 04,3,"54,018"
Bundesliga,16,13 December 2017,Schalke 04,FC Augsburg,2,"59,215"
Bundesliga,17,16 December 2017,Eintracht Frankfurt,Schalke 04,2,"50,600"
Bundesliga,18,13 January 2018,RB Leipzig,Schalke 04,3,"42,558"
Bundesliga,19,21 January 2018,Schalke 04,Hannover 96,3,"60,650"
Bundesliga,20,27 January 2018,VfB Stuttgart,Schalke 04,3,"55,096"
Bundesliga,21,3 February 2018,Schalke 04,Werder Bremen,5,"62,271"
Bundesliga,22,10 February 2018,Bayern Munich,Schalke 04,6,"75,000"
Bundesliga,23,17 February 2018,Schalke 04,1899 Hoffenheim,6,"60,741"
Bundesliga,24,25 February 2018,Bayer Leverkusen,Schalke 04,3,"30,210"
Bundesliga,25,3 March 2018,Schalke 04,Hertha BSC,2,"61,578"
Bundesliga,26,9 March 2018,Mainz 05,Schalke 04,2,"30,655"
Bundesliga,27,17 March 2018,VfL Wolfsburg,Schalke 04,2,"27,502"
Bundesliga,28,31 March 2018,Schalke 04,SC Freiburg,2,"61,688"
Bundesliga,29,7 April 2018,Hamburger SV,Schalke 04,2,"54,137"
Bundesliga,30,15 April 2018,Schalke 04,Borussia Dortmund,2,"61,786"
Bundesliga,31,22 April 2018,1. FC Koln,Schalke 04,2,"50,000"
Bundesliga,32,28 April 2018,Schalke 04,Borussia Monchengladbach,2,"62,271"
Bundesliga,33,5 May 2018,FC Augsburg,Schalke 04,2,"30,660"
Bundesliga,34,12 May 2018,Schalke 04,Eintracht Frankfurt,2,"61,585"
DFB-Pokal,1,14 August 2017,BFC Dynamo,Schalke 04,,"14,117"
DFB-Pokal,2,24 October 2017,Wehen Wiesbaden,Schalke 04,,"11,373"
DFB-Pokal,3,19 December 2017,Schalke 04,1. FC Koln,,"56,392"
DFB-Pokal,4,7 February 2018,Schalke 04,VfL Wolfsburg,,"50,642"
DFB-Pokal,5,18 April 2018,Schalke 04,Eintracht Frankfurt,,"60,000"
Bundesliga,1,19 August 2017,VfL Wolfsburg,Borussia Dortmund,1,"30,000"
Bundesliga,2,26 August 2017,Borussia Dortmund,Hertha BSC,1,"80,860"
Bundesliga,3,9 September 2017,SC Freiburg,Borussia Dortmund,1,"24,000"
Bundesliga,4,17 September 2017,Borussia Dortmund,1. FC Koln,1,"81,000"
Bundesliga,5,20 September 2017,Hamburger SV,Borussia Dortmund,1,"52,962"
Bundesliga,6,23 September 2017,Borussia Dortmund,Borussia Monchengladbach,1,"81,360"
Bundesliga,7,30 September 2017,FC Augsburg,Borussia Dortmund,1,"30,660"
Bundesliga,8,14 October 2017,Borussia Dortmund,RB Leipzig,1,"80,100"
Bundesliga,9,21 October 2017,Eintracht Frankfurt,Borussia Dortmund,1,"51,500"
Bundesliga,10,28 October 2017,Hannover 96,Borussia Dortmund,2,"49,000"
Bundesliga,11,4 November 2017,Borussia Dortmund,Bayern Munich,3,"81,360"
Bundesliga,12,17 November 2017,VfB Stuttgart,Borussia Dortmund,5,"58,932"
Bundesliga,13,25 November 2017,Borussia Dortmund,Schalke 04,5,"80,179"
Bundesliga,14,2 December 2017,Bayer Leverkusen,Borussia Dortmund,6,"30,210"
Bundesliga,15,9 December 2017,Borussia Dortmund,Werder Bremen,8,"81,160"
Bundesliga,16,12 December 2017,Mainz 05,Borussia Dortmund,6,"32,976"
Bundesliga,17,16 December 2017,Borussia Dortmund,1899 Hoffenheim,3,"81,000"
Bundesliga,18,14 January 2018,Borussia Dortmund,VfL Wolfsburg,4,"80,600"
Bundesliga,19,19 January 2018,Hertha BSC,Borussia Dortmund,6,"65,893"
Bundesliga,20,27 January 2018,Borussia Dortmund,SC Freiburg,6,"81,360"
Bundesliga,21,2 February 2018,1. FC Koln,Borussia Dortmund,4,"50,000"
Bundesliga,22,10 February 2018,Borussia Dortmund,Hamburger SV,3,"81,360"
Bundesliga,23,18 February 2018,Borussia Monchengladbach,Borussia Dortmund,2,"54,018"
Bundesliga,24,26 February 2018,Borussia Dortmund,FC Augsburg,2,"54,300"
Bundesliga,25,3 March 2018,RB Leipzig,Borussia Dortmund,3,"42,558"
Bundesliga,26,11 March 2018,Borussia Dortmund,Eintracht Frankfurt,3,"81,360"
Bundesliga,27,18 March 2018,Borussia Dortmund,Hannover 96,3,"81,360"
Bundesliga,28,31 March 2018,Bayern Munich,Borussia Dortmund,3,"75,000"
Bundesliga,29,8 April 2018,Borussia Dortmund,VfB Stuttgart,3,"81,360"
Bundesliga,30,15 April 2018,Schalke 04,Borussia Dortmund,4,"61,786"
Bundesliga,31,21 April 2018,Borussia Dortmund,Bayer Leverkusen,3,"81,360"
Bundesliga,32,29 April 2018,Werder Bremen,Borussia Dortmund,3,"41,000"
Bundesliga,33,5 May 2018,Borussia Dortmund,Mainz 05,3,"81,360"
Bundesliga,34,12 May 2018,1899 Hoffenheim,Borussia Dortmund,4,"30,150"
DFB-Pokal,1,12 August 2017,1. FC Rielasingen-Arlen,Borussia Dortmund,,"24,000"
DFB-Pokal,2,24 October 2017,1. FC Magdeburg,Borussia Dortmund,,"23,102"
DFB-Pokal,3,20 December 2017,Bayern Munich,Borussia Dortmund,,"75,000"
DFL-Supercup,1,5 August 2017,Borussia Dortmund,Bayern Munich,,"81,360"
UEFA Champions League,1,13 September 2017,Tottenham Hotspur,Borussia Dortmund,,"67,343"
UEFA Champions League,2,26 September 2017,Borussia Dortmund,Real Madrid,,"65,849"
UEFA Champions League,3,17 October 2017,APOEL,Borussia Dortmund,,"15,604"
UEFA Champions League,4,1 November 2017,Borussia Dortmund,APOEL,,"64,500"
UEFA Champions League,5,21 November 2017,Borussia Dortmund,Tottenham Hotspur,,"65,849"
UEFA Champions League,6,6 December 2017,Real Madrid,Borussia Dortmund,,"73,323"
UEFA Europa League,1,15 February 2018,Borussia Dortmund,Atalanta,,"62,500"
UEFA Europa League,2,22 February 2018,Atalanta,Borussia Dortmund,,"17,492"
UEFA Europa League,3,8 March 2018,Borussia Dortmund,Red Bull Salzburg,,"53,700"
UEFA Europa League,4,15 March 2018,Red Bull Salzburg,Borussia Dortmund,,"29,520"
Serie A,1,19 August 2017,Juventus,Cagliari,2,"39,226"
Serie A,2,26 August 2017,Genoa,Juventus,1,"26,296"
Serie A,3,9 September 2017,Juventus,Chievo,1,"39,742"
Serie A,4,17 September 2017,Sassuolo,Juventus,2,"21,584"
Serie A,5,20 September 2017,Juventus,Fiorentina,2,"35,652"
Serie A,6,23 September 2017,Juventus,Torino,2,"40,186"
Serie A,7,1 October 2017,Atalanta,Juventus,2,"19,962"
Serie A,8,14 October 2017,Juventus,Lazio,3,"40,544"
Serie A,9,22 October 2017,Udinese,Juventus,3,"21,992"
Serie A,10,25 October 2017,Juventus,SPAL,3,"39,953"
Serie A,11,28 October 2017,Milan,Juventus,3,"78,328"
Serie A,12,5 November 2017,Juventus,Benevento,2,"40,863"
Serie A,13,19 November 2017,Sampdoria,Juventus,3,"28,786"
Serie A,14,26 November 2017,Juventus,Crotone,3,"38,963"
Serie A,15,1 December 2017,Napoli,Juventus,3,"55,567"
Serie A,16,9 December 2017,Juventus,Internazionale,3,"41,418"
Serie A,17,17 December 2017,Bologna,Juventus,2,"29,270"
Serie A,18,23 December 2017,Juventus,Roma,2,"41,100"
Serie A,19,30 December 2017,Hellas Verona,Juventus,2,"29,215"
Serie A,20,6 January 2018,Cagliari,Juventus,2,"16,233"
Serie A,21,22 January 2018,Juventus,Genoa,2,"29,412"
Serie A,22,27 January 2018,Chievo,Juventus,2,"27,000"
Serie A,23,4 February 2018,Juventus,Sassuolo,2,"40,400"
Serie A,24,9 February 2018,Fiorentina,Juventus,2,"32,563"
Serie A,25,18 February 2018,Torino,Juventus,2,"26,105"
Serie A,26,3 March 2018,Lazio,Juventus,2,"37,704"
Serie A,27,11 March 2018,Juventus,Udinese,2,"40,300"
Serie A,28,14 March 2018,Juventus,Atalanta,1,"36,753"
Serie A,29,17 March 2018,SPAL,Juventus,1,"13,135"
Serie A,30,31 March 2018,Juventus,Milan,1,"41,156"
Serie A,31,7 April 2018,Benevento,Juventus,1,"16,867"
Serie A,32,15 April 2018,Juventus,Sampdoria,1,"40,121"
Serie A,33,18 April 2018,Crotone,Juventus,1,"15,021"
Serie A,34,22 April 2018,Juventus,Napoli,1,"40,114"
Serie A,35,28 April 2018,Internazionale,Juventus,1,"78,328"
Serie A,36,5 May 2018,Juventus,Bologna,1,"40,714"
Serie A,37,13 May 2018,Roma,Juventus,1,"53,091"
Serie A,38,19 May 2018,Juventus,Hellas Verona,1,"40,380"
Coppa Italia,1,20 December 2017,Juventus,Genoa,,"39,969"
Coppa Italia,2,3 January 2018,Juventus,Torino,,"37,763"
Coppa Italia,3,30 January 2018,Atalanta,Juventus,,"16,406"
Coppa Italia,4,28 February 2018,Juventus,Atalanta,,"38,417"
Coppa Italia,5,9 May 2018,Juventus,Milan,,"66,400"
UEFA Champions League,1,12 September 2017,Barcelona,Juventus,,"78,656"
UEFA Champions League,2,27 September 2017,Juventus,Olympiacos,,"33,460"
UEFA Champions League,3,18 October 2017,Juventus,Sporting CP,,"36,288"
UEFA Champions League,4,31 October 2017,Sporting CP,Juventus,,"48,442"
UEFA Champions League,5,22 November 2017,Juventus,Barcelona,,"40,876"
UEFA Champions League,6,5 December 2017,Olympiacos,Juventus,,"29,567"
UEFA Champions League,7,13 February 2018,Juventus,Tottenham Hotspur,,"41,232"
UEFA Champions League,8,7 March 2018,Tottenham Hotspur,Juventus,,"84,010"
UEFA Champions League,9,3 April 2018,Juventus,Real Madrid,,"40,849"
UEFA Champions League,10,11 April 2018,Real Madrid,Juventus,,"75,796"
Serie A,1,19 August 2017,Hellas Verona,Napoli,4,"15,215"
Serie A,2,27 August 2017,Napoli,Atalanta,3,"35,102"
Serie A,3,10 September 2017,Bologna,Napoli,2,"22,398"
Serie A,4,17 September 2017,Napoli,Benevento,1,"49,137"
Serie A,5,20 September 2017,Lazio,Napoli,1,"28,000"
Serie A,6,23 September 2017,SPAL,Napoli,1,"12,650"
Serie A,7,1 October 2017,Napoli,Cagliari,1,"42,813"
Serie A,8,14 October 2017,Roma,Napoli,1,"37,914"
Serie A,9,21 October 2017,Napoli,Internazionale,1,"49,762"
Serie A,10,25 October 2017,Genoa,Napoli,1,"23,367"
Serie A,11,29 October 2017,Napoli,Sassuolo,1,"53,609"
Serie A,12,5 November 2017,Chievo,Napoli,1,"12,000"
Serie A,13,18 November 2017,Napoli,Milan,1,"36,557"
Serie A,14,26 November 2017,Udinese,Napoli,1,"19,743"
Serie A,15,1 December 2017,Napoli,Juventus,2,"55,567"
Serie A,16,10 December 2017,Napoli,Fiorentina,2,"44,417"
Serie A,17,16 December 2017,Torino,Napoli,1,"18,449"
Serie A,18,23 December 2017,Napoli,Sampdoria,1,"48,434"
Serie A,19,29 December 2017,Crotone,Napoli,1,"11,063"
Serie A,20,6 January 2018,Napoli,Hellas Verona,1,"39,580"
Serie A,21,21 January 2018,Atalanta,Napoli,1,"19,098"
Serie A,22,28 January 2018,Napoli,Bologna,1,"37,227"
Serie A,23,4 February 2018,Benevento,Napoli,1,"15,026"
Serie A,24,10 February 2018,Napoli,Lazio,1,"32,940"
Serie A,25,18 February 2018,Napoli,SPAL,1,"34,270"
Serie A,26,26 February 2018,Cagliari,Napoli,1,"13,757"
Serie A,27,3 March 2018,Napoli,Roma,1,"39,310"
Serie A,28,11 March 2018,Internazionale,Napoli,2,"59,380"
Serie A,29,18 March 2018,Napoli,Genoa,2,"30,059"
Serie A,30,31 March 2018,Sassuolo,Napoli,2,"16,904"
Serie A,31,8 April 2018,Napoli,Chievo,2,"46,601"
Serie A,32,15 April 2018,Milan,Napoli,2,"65,786"
Serie A,33,18 April 2018,Napoli,Udinese,2,"44,118"
Serie A,34,22 April 2018,Juventus,Napoli,2,"40,114"
Serie A,35,29 April 2018,Fiorentina,Napoli,2,"26,206"
Serie A,36,6 May 2018,Napoli,Torino,2,"47,057"
Serie A,37,13 May 2018,Sampdoria,Napoli,2,"19,250"
Serie A,38,20 May 2018,Napoli,Crotone,2,"51,382"
Coppa Italia,1,19 December 2017,Napoli,Udinese,,"15,096"
Coppa Italia,2,2 January 2018,Napoli,Atalanta,,"27,174"
UEFA Champions League,1,16 August 2017,Napoli,Nice,,"49,324"
UEFA Champions League,2,22 August 2017,Nice,Napoli,,"32,103"
UEFA Champions League,3,13 September 2017,Shakhtar Donetsk,Napoli,,"32,679"
UEFA Champions League,4,26 September 2017,Napoli,Feyenoord,,"22,577"
UEFA Champions League,5,17 October 2017,Manchester City,Napoli,,"48,520"
UEFA Champions League,6,1 November 2017,Napoli,Manchester City,,"44,483"
UEFA Champions League,7,21 November 2017,Napoli,Shakhtar Donetsk,,"10,573"
UEFA Champions League,8,6 December 2017,Feyenoord,Napoli,,"36,500"
UEFA Europa League,1,15 February 2018,Napoli,RB Leipzig,,"14,554"
UEFA Europa League,2,22 February 2018,RB Leipzig,Napoli,,"36,163"
Serie A,1,20 August 2017,Atalanta,Roma,7,"19,108"
Serie A,2,26 August 2017,Roma,Internazionale,1,"49,388"
Serie A,3,16 September 2017,Roma,Hellas Verona,1,"29,045"
Serie A,4,20 September 2017,Benevento,Roma,9,"14,839"
Serie A,5,23 September 2017,Roma,Udinese,7,"32,457"
Serie A,6,1 October 2017,Milan,Roma,5,"61,698"
Serie A,7,14 October 2017,Roma,Napoli,5,"37,914"
Serie A,8,22 October 2017,Torino,Roma,5,"19,646"
Serie A,9,25 October 2017,Roma,Crotone,5,"31,605"
Serie A,10,28 October 2017,Roma,Bologna,5,"35,202"
Serie A,11,5 November 2017,Fiorentina,Roma,5,"25,026"
Serie A,12,18 November 2017,Roma,Lazio,5,"55,775"
Serie A,13,26 November 2017,Genoa,Roma,4,"20,949"
Serie A,14,1 December 2017,Roma,SPAL,4,"35,609"
Serie A,15,10 December 2017,Chievo,Roma,4,"15,000"
Serie A,16,16 December 2017,Roma,Cagliari,4,"33,113"
Serie A,17,23 December 2017,Juventus,Roma,4,"41,100"
Serie A,18,30 December 2017,Roma,Sassuolo,4,"37,157"
Serie A,19,6 January 2018,Roma,Atalanta,4,"32,863"
Serie A,20,21 January 2018,Internazionale,Roma,5,"57,066"
Serie A,21,24 January 2017,Sampdoria,Roma,5,"19,302"
Serie A,22,28 January 2018,Roma,Sampdoria,5,"29,468"
Serie A,23,4 February 2018,Hellas Verona,Roma,5,"17,495"
Serie A,24,11 February 2018,Roma,Benevento,4,"31,956"
Serie A,25,17 February 2018,Udinese,Roma,3,"18,753"
Serie A,26,25 February 2018,Roma,Milan,5,"42,537"
Serie A,27,3 March 2018,Napoli,Roma,3,"39,310"
Serie A,28,9 March 2018,Roma,Torino,3,"33,847"
Serie A,29,18 March 2018,Crotone,Roma,3,"11,691"
Serie A,30,31 March 2018,Bologna,Roma,3,"20,778"
Serie A,31,7 April 2018,Roma,Fiorentina,4,"41,728"
Serie A,32,15 April 2018,Lazio,Roma,3,"55,000"
Serie A,33,18 April 2018,Roma,Genoa,3,"30,095"
Serie A,34,21 April 2018,SPAL,Roma,3,"12,355"
Serie A,35,28 April 2018,Roma,Chievo,3,"38,694"
Serie A,36,6 May 2018,Cagliari,Roma,3,"15,157"
Serie A,37,13 May 2018,Roma,Juventus,3,"53,091"
Serie A,38,20 May 2018,Sassuolo,Roma,3,"13,129"
Coppa Italia,1,20 December 2017,Roma,Torino,,"27,206"
UEFA Champions League,1,12 September 2017,Roma,Atletico Madrid,,"36,064"
UEFA Champions League,2,27 September 2017,Qarabag,Roma,,"67,200"
UEFA Champions League,3,18 October 2017,Chelsea,Roma,,"41,105"
UEFA Champions League,4,31 October 2017,Roma,Chelsea,,"55,036"
UEFA Champions League,5,22 November 2017,Atletico Madrid,Roma,,"56,253"
UEFA Champions League,6,5 December 2017,Roma,Qarabag,,"34,258"
UEFA Champions League,7,21 February 2018,Shakhtar Donetsk,Roma,,"35,124"
UEFA Champions League,8,13 March 2018,Roma,Shakhtar Donetsk,,"47,693"
UEFA Champions League,9,4 April 2018,Barcelona,Roma,,"90,106"
UEFA Champions League,10,10 April 2018,Roma,Barcelona,,"56,580"
UEFA Champions League,11,24 April 2018,Liverpool,Roma,,"51,236"
UEFA Champions League,12,2 May 2018,Roma,Liverpool,,"61,889"
Ligue 1,1,5 August 2017,Paris Saint-Germain,Amiens,5,"46,989"
Ligue 1,2,13 August 2017,Guingamp,Paris Saint-Germain,2,"18,378"
Ligue 1,3,20 August 2017,Paris Saint-Germain,Toulouse,1,"47,221"
Ligue 1,4,25 August 2017,Paris Saint-Germain,Saint-Etienne,1,"46,957"
Ligue 1,5,8 September 2017,Metz,Paris Saint-Germain,1,"25,015"
Ligue 1,6,17 September 2017,Paris Saint-Germain,Lyon,1,"47,191"
Ligue 1,7,23 September 2017,Montpellier,Paris Saint-Germain,1,"20,975"
Ligue 1,8,30 September 2017,Paris Saint-Germain,Bordeaux,1,"47,537"
Ligue 1,9,14 October 2017,Dijon,Paris Saint-Germain,1,"15,160"
Ligue 1,10,22 October 2017,Marseille,Paris Saint-Germain,1,"60,410"
Ligue 1,11,27 October 2017,Paris Saint-Germain,Nice,1,"47,224"
Ligue 1,12,4 November 2017,Angers,Paris Saint-Germain,1,"12,381"
Ligue 1,13,18 November 2017,Paris Saint-Germain,Nantes,1,"47,680"
Ligue 1,14,26 November 2017,Monaco,Paris Saint-Germain,1,"16,588"
Ligue 1,15,29 November 2017,Paris Saint-Germain,Troyes,1,"40,920"
Ligue 1,16,2 December 2017,Strasbourg,Paris Saint-Germain,1,"25,327"
Ligue 1,17,9 December 2017,Paris Saint-Germain,Lille,1,"47,176"
Ligue 1,18,16 December 2017,Rennes,Paris Saint-Germain,1,"29,194"
Ligue 1,19,20 December 2017,Paris Saint-Germain,Caen,1,"47,490"
Ligue 1,20,14 January 2018,Nantes,Paris Saint-Germain,1,"34,486"
Ligue 1,21,17 January 2018,Paris Saint-Germain,Dijon,1,"47,483"
Ligue 1,22,21 January 2018,Lyon,Paris Saint-Germain,1,"57,582"
Ligue 1,23,27 January 2018,Paris Saint-Germain,Montpellier,1,"47,379"
Ligue 1,24,3 February 2018,Lille,Paris Saint-Germain,1,"49,082"
Ligue 1,25,10 February 2018,Toulouse,Paris Saint-Germain,1,"31,909"
Ligue 1,26,17 February 2018,Paris Saint-Germain,Strasbourg,1,"47,059"
Ligue 1,27,25 February 2018,Paris Saint-Germain,Marseille,1,"47,490"
Ligue 1,28,3 March 2018,Troyes,Paris Saint-Germain,1,"20,006"
Ligue 1,29,10 March 2018,Paris Saint-Germain,Metz,1,"47,227"
Ligue 1,30,14 March 2018,Paris Saint-Germain,Angers,1,"46,757"
Ligue 1,31,18 March 2018,Nice,Paris Saint-Germain,1,"33,478"
Ligue 1,32,6 April 2018,Saint-Etienne,Paris Saint-Germain,1,"37,602"
Ligue 1,33,15 April 2018,Paris Saint-Germain,Monaco,1,"46,869"
Ligue 1,34,22 April 2018,Bordeaux,Paris Saint-Germain,1,"41,290"
Ligue 1,35,29 April 2018,Paris Saint-Germain,Guingamp,1,"47,759"
Ligue 1,36,4 May 2018,Amiens,Paris Saint-Germain,1,"11,676"
Ligue 1,37,12 May 2018,Paris Saint-Germain,Rennes,1,"47,352"
Ligue 1,38,19 May 2018,Caen,Paris Saint-Germain,1,"19,999"
Coupe de France,1,7 January 2018,Rennes,Paris Saint-Germain,,"19,777"
Coupe de France,2,24 January 2018,Paris Saint-Germain,Guingamp,,"47,322"
Coupe de France,3,6 February 2018,Sochaux,Paris Saint-Germain,,"20,000"
Coupe de France,4,28 February 2018,Paris Saint-Germain,Marseille,,"45,000"
Coupe de France,5,18 April 2018,Caen,Paris Saint-Germain,,"20,350"
Coupe de France,6,8 May 2018,Les Herbiers VF,Paris Saint-Germain,,"73,772"
Coupe de la Ligue,1,13 December 2017,Strasbourg,Paris Saint-Germain,,"25,349"
Coupe de la Ligue,2,10 January 2018,Amiens,Paris Saint-Germain,,"9,222"
Coupe de la Ligue,3,30 January 2018,Rennes,Paris Saint-Germain,,"28,620"
Coupe de la Ligue,4,31 March 2018,Paris Saint-Germain,Monaco,,"41,248"
Trophee des Champions,1,29 July 2017,Monaco,Paris Saint-Germain,,"43,761"
UEFA Champions League,1,12 September 2017,Celtic,Paris Saint-Germain,,"57,562"
UEFA Champions League,2,27 September 2017,Paris Saint-Germain,Bayern Munich,,"46,252"
UEFA Champions League,3,18 October 2017,Anderlecht,Paris Saint-Germain,,"19,108"
UEFA Champions League,4,31 October 2017,Paris Saint-Germain,Anderlecht,,"46,403"
UEFA Champions League,5,22 November 2017,Paris Saint-Germain,Celtic,,"46,288"
UEFA Champions League,6,5 December 2017,Bayern Munich,Paris Saint-Germain,,"70,000"
UEFA Champions League,7,14 February 2018,Real Madrid,Paris Saint-Germain,,"78,158"
UEFA Champions League,8,6 March 2018,Paris Saint-Germain,Real Madrid,,"46,585"
Trophee des Champions,1,29 July 2017,AS Monaco,Paris Saint-Germain,,"43,761"
Ligue 1,1,4 August 2017,AS Monaco,Toulouse,6,"13,572"
Ligue 1,2,13 August 2017,Dijon,AS Monaco,3,"14,295"
Ligue 1,3,18 August 2017,Metz,AS Monaco,2,"18,136"
Ligue 1,4,27 August 2017,AS Monaco,Marseille,2,"16,353"
Ligue 1,5,9 September 2017,Nice,AS Monaco,2,"28,995"
Ligue 1,6,16 September 2017,AS Monaco,Strasbourg,2,"8,310"
Ligue 1,7,22 September 2017,Lille,AS Monaco,2,"34,146"
Ligue 1,8,29 September 2017,AS Monaco,Montpellier,2,"7,053"
Ligue 1,9,13 October 2017,Lyon,AS Monaco,2,"43,295"
Ligue 1,10,21 October 2017,AS Monaco,Caen,2,"8,040"
Ligue 1,11,28 October 2017,Bordeaux,AS Monaco,2,"28,831"
Ligue 1,12,4 November 2017,AS Monaco,Guingamp,2,"7,066"
Ligue 1,13,17 November 2017,Amiens,AS Monaco,2,"9,198"
Ligue 1,14,26 November 2017,AS Monaco,Paris Saint-Germain,3,"16,588"
Ligue 1,15,29 November 2017,Nantes,AS Monaco,4,"24,800"
Ligue 1,16,2 December 2017,AS Monaco,Angers,3,"6,545"
Ligue 1,17,9 December 2017,AS Monaco,Troyes,3,"8,935"
Ligue 1,18,15 December 2017,Saint-Etienne,AS Monaco,2,"23,107"
Ligue 1,19,20 December 2017,AS Monaco,Rennes,2,"7,542"
Ligue 1,20,13 January 2018,Montpellier,AS Monaco,2,"14,643"
Ligue 1,21,16 January 2018,AS Monaco,Nice,4,"10,533"
Ligue 1,22,21 January 2018,AS Monaco,Metz,4,"6,333"
Ligue 1,23,28 January 2018,Marseille,AS Monaco,4,"51,279"
Ligue 1,24,4 February 2018,AS Monaco,Lyon,3,"10,301"
Ligue 1,25,10 February 2018,Angers,AS Monaco,2,"12,759"
Ligue 1,26,16 February 2018,AS Monaco,Dijon,2,"6,418"
Ligue 1,27,24 February 2018,Toulouse,AS Monaco,2,"13,184"
Ligue 1,28,2 March 2018,AS Monaco,Bordeaux,2,"7,419"
Ligue 1,29,9 March 2018,Strasbourg,AS Monaco,2,"23,814"
Ligue 1,30,16 March 2018,AS Monaco,Lille,2,"7,147"
Ligue 1,31,4 April 2018,Rennes,AS Monaco,2,"17,448"
Ligue 1,32,7 April 2018,AS Monaco,Nantes,2,"8,557"
Ligue 1,33,15 April 2018,Paris Saint-Germain,AS Monaco,2,"46,869"
Ligue 1,34,21 April 2018,Guingamp,AS Monaco,2,"14,968"
Ligue 1,35,28 April 2018,AS Monaco,Amiens,3,"8,164"
Ligue 1,36,6 May 2018,Caen,AS Monaco,3,"17,468"
Ligue 1,37,12 May 2018,AS Monaco,Saint-Etienne,2,"10,742"
Ligue 1,38,19 May 2018,Troyes,AS Monaco,2,"14,585"
Coupe de France,1,6 January 2018,Yzeure,AS Monaco,,"3,500"
Coupe de France,2,24 January 2018,AS Monaco,Lyon,,"7,143"
Coupe de la Ligue,1,12 December 2017,AS Monaco,Caen,,"4,834"
Coupe de la Ligue,2,9 January 2018,Nice,AS Monaco,,"19,686"
Coupe de la Ligue,3,31 January 2018,AS Monaco,Montpellier,,"6,024"
Coupe de la Ligue,4,31 March 2018,Paris Saint-Germain,AS Monaco,,"41,248"
UEFA Champions League,1,13 September 2017,RB Leipzig,AS Monaco,,"40,068"
UEFA Champions League,2,26 September 2017,AS Monaco,Porto,,"11,703"
UEFA Champions League,3,17 October 2017,AS Monaco,Besiktas,,"7,403"
UEFA Champions League,4,1 November 2017,Besiktas,AS Monaco,,"39,346"
UEFA Champions League,5,21 November 2017,AS Monaco,RB Leipzig,,"9,029"
UEFA Champions League,6,6 December 2017,Porto,AS Monaco,,"42,509"
Ligue 1,1,5 August 2017,Lyon,Strasbourg,1,"39,177"
Ligue 1,2,11 August 2017,Rennes,Lyon,1,"24,944"
Ligue 1,3,19 August 2017,Lyon,Bordeaux,4,"42,073"
Ligue 1,4,26 August 2017,Nantes,Lyon,4,"30,718"
Ligue 1,5,9 September 2017,Lyon,Guingamp,3,"36,697"
Ligue 1,6,17 September 2017,Paris Saint-Germain,Lyon,5,"47,191"
Ligue 1,7,23 September 2017,Lyon,Dijon,7,"33,600"
Ligue 1,8,1 October 2017,Angers,Lyon,8,"11,432"
Ligue 1,9,13 October 2017,Lyon,Monaco,6,"43,295"
Ligue 1,10,22 October 2017,Troyes,Lyon,4,"14,722"
Ligue 1,11,29 October 2017,Lyon,Metz,3,"53,921"
Ligue 1,12,5 November 2017,Saint-Etienne,Lyon,3,"38,993"
Ligue 1,13,19 November 2017,Lyon,Montpellier,3,"47,651"
Ligue 1,14,26 November 2017,Nice,Lyon,2,"27,542"
Ligue 1,15,29 November 2017,Lyon,Lille,3,"31,679"
Ligue 1,16,3 December 2017,Caen,Lyon,2,"19,455"
Ligue 1,17,10 December 2017,Amiens,Lyon,2,"9,130"
Ligue 1,18,17 December 2017,Lyon,Marseille,3,"57,206"
Ligue 1,19,20 December 2017,Toulouse,Lyon,3,"15,853"
Ligue 1,20,13 January 2018,Lyon,Angers,3,"36,691"
Ligue 1,21,17 January 2018,Guingamp,Lyon,2,"14,638"
Ligue 1,22,21 January 2018,Lyon,Paris Saint-Germain,2,"57,582"
Ligue 1,23,28 January 2018,Bordeaux,Lyon,2,"29,310"
Ligue 1,24,4 February 2018,Monaco,Lyon,4,"10,301"
Ligue 1,25,10 February 2018,Lyon,Rennes,4,"39,189"
Ligue 1,26,17 February 2018,Lille,Lyon,4,"39,523"
Ligue 1,27,25 February 2018,Lyon,Saint-Etienne,4,"58,069"
Ligue 1,28,4 March 2018,Montpellier,Lyon,4,"15,160"
Ligue 1,29,10 March 2018,Lyon,Caen,4,"39,530"
Ligue 1,30,18 March 2018,Marseille,Lyon,4,"60,009"
Ligue 1,31,1 April 2018,Lyon,Toulouse,4,"48,548"
Ligue 1,32,7 April 2018,Metz,Lyon,3,"15,540"
Ligue 1,33,14 April 2018,Lyon,Amiens,3,"47,513"
Ligue 1,34,20 April 2018,Dijon,Lyon,3,"15,102"
Ligue 1,35,28 April 2018,Lyon,Nantes,2,"50,443"
Ligue 1,36,6 May 2018,Lyon,Troyes,2,"54,274"
Ligue 1,37,12 May 2018,Strasbourg,Lyon,3,"25,503"
Ligue 1,38,19 May 2018,Lyon,Nice,3,"56,953"
Coupe de France,1,6 January 2018,Nancy,Lyon,,"14,201"
Coupe de France,2,24 January 2018,Monaco,Lyon,,"7,143"
Coupe de France,3,7 February 2018,Montpellier,Lyon,,"7,000"
Coupe de France,4,1 March 2018,Caen,Lyon,,"17,000"
Coupe de la Ligue,1,13 December 2017,Montpellier,Lyon,,"7,447"
UEFA Europa League,1,14 September 2017,Apollon Limassol,Lyon,,"5,134"
UEFA Europa League,2,28 September 2017,Lyon,Atalanta,,"27,715"
UEFA Europa League,3,19 October 2017,Everton,Lyon,,"27,159"
UEFA Europa League,4,2 November 2017,Lyon,Everton,,"48,103"
UEFA Europa League,5,23 November 2017,Lyon,Apollon Limassol,,"26,972"
UEFA Europa League,6,7 December 2017,Atalanta,Lyon,,"14,500"
UEFA Europa League,7,15 February 2018,Lyon,Villareal,,"46,846"
UEFA Europa League,8,22 February 2018,Villarreal,Lyon,,"17,028"
UEFA Europa League,9,8 March 2018,CSKA Moscow,Lyon,,"13,990"
UEFA Europa League,10,15 March 2018,Lyon,CSKA Moscow,,"38,622"
